<?xml version="1.0"?>
<ScrollWheel xmlns:xsi="http://www.w3.org/2001/XMLSchema-instance" xmlns:xsd="http://www.w3.org/2001/XMLSchema">
  <BrowsingModeApplicationList>
    <BrowsingModeApplication>
      <Name>chrome.exe</Name>
      <ExePath>C:\Program Files\Google\Chrome\Application\chrome.exe</ExePath>
    </BrowsingModeApplication>
    <BrowsingModeApplication>
      <Name>msedge.exe</Name>
      <ExePath>C:\Program Files (x86)\Microsoft\Edge\Application\msedge.exe</ExePath>
    </BrowsingModeApplication>
  </BrowsingModeApplicationList>
</ScrollWheel>