<?xml version="1.0" encoding="utf-8"?>
<devices>
    <keyboard pid="515" file="A83F96C8-1F78-465E-892B-ABE403760394.dll" mapping="keyboard" />
    <keyboard pid="529" file="A83F96C8-1F78-465E-892B-ABE403760394.dll" mapping="keyboard" />
    <keyboard pid="521" file="A83F96C8-1F78-465E-892B-ABE403760394.dll" mapping="keyboard" />
    <keyboard pid="534" file="A83F96C8-1F78-465E-892B-ABE403760394.dll" mapping="keyboard" />
    <keyboard pid="538" file="A83F96C8-1F78-465E-892B-ABE403760394.dll" mapping="keyboard" />
    <keyboard pid="545" file="A83F96C8-1F78-465E-892B-ABE403760394.dll" mapping="keyboard" />
    <keyboard pid="516" file="0B8959B5-5594-4761-9432-78ED542BAF42.dll" mapping="keyboard"/>
    <keyboard pid="542" file="704A4B8F-0CD6-4D79-BFE7-8B1190E4A85C.dll" mapping="keyboard" />
    <keyboard pid="550" file="704A4B8F-0CD6-4D79-BFE7-8B1190E4A85C.dll" mapping="keyboard" />
	<keyboard pid="551" file="704A4B8F-0CD6-4D79-BFE7-8B1190E4A85C.dll" mapping="keyboard" />
	<keyboard pid="554" file="704A4B8F-0CD6-4D79-BFE7-8B1190E4A85C.dll" mapping="keyboard" />
    <keyboard pid="556" file="704A4B8F-0CD6-4D79-BFE7-8B1190E4A85C.dll" mapping="keyboard" />
	<keyboard pid="552" file="704A4B8F-0CD6-4D79-BFE7-8B1190E4A85C.dll" mapping="keyboard" />
	<keyboard pid="574" file="704A4B8F-0CD6-4D79-BFE7-8B1190E4A85C.dll" mapping="keyboard" />
	<keyboard pid="575" file="704A4B8F-0CD6-4D79-BFE7-8B1190E4A85C.dll" mapping="keyboard" />
	<keyboard pid="577" file="704A4B8F-0CD6-4D79-BFE7-8B1190E4A85C.dll" mapping="keyboard" />
	<keyboard pid="579" file="704A4B8F-0CD6-4D79-BFE7-8B1190E4A85C.dll" mapping="keyboard" />
	<keyboard pid="590" file="704A4B8F-0CD6-4D79-BFE7-8B1190E4A85C.dll" mapping="keyboard" />
	<keyboard pid="599" file="704A4B8F-0CD6-4D79-BFE7-8B1190E4A85C.dll" mapping="keyboard" />
	<keyboard pid="600" file="704A4B8F-0CD6-4D79-BFE7-8B1190E4A85C.dll" mapping="keyboard" />
	<keyboard pid="602" file="704A4B8F-0CD6-4D79-BFE7-8B1190E4A85C.dll" mapping="keyboard" />
	<keyboard pid="604" file="4FE6D485-08A6-4C32-8484-2BD6A1451025.dll" mapping="keyboard" />
	<keyboard pid="605" file="704A4B8F-0CD6-4D79-BFE7-8B1190E4A85C.dll" mapping="keyboard" />
	<keyboard pid="606" file="704A4B8F-0CD6-4D79-BFE7-8B1190E4A85C.dll" mapping="keyboard" />
	<keyboard pid="614" file="704A4B8F-0CD6-4D79-BFE7-8B1190E4A85C.dll" mapping="keyboard" />
	<keyboard pid="617" file="704A4B8F-0CD6-4D79-BFE7-8B1190E4A85C.dll" mapping="keyboard" />
	<keyboard pid="619" file="704A4B8F-0CD6-4D79-BFE7-8B1190E4A85C.dll" mapping="keyboard" />
	<keyboard pid="620" file="704A4B8F-0CD6-4D79-BFE7-8B1190E4A85C.dll" mapping="keyboard" />
	<keyboard pid="625" file="4FE6D485-08A6-4C32-8484-2BD6A1451025.dll" mapping="keyboard" />
	<keyboard pid="642" file="704A4B8F-0CD6-4D79-BFE7-8B1190E4A85C.dll" mapping="keyboard" />
	<keyboard pid="647" file="704A4B8F-0CD6-4D79-BFE7-8B1190E4A85C.dll" mapping="keyboard" />
	<keyboard pid="653" file="704A4B8F-0CD6-4D79-BFE7-8B1190E4A85C.dll" mapping="keyboard" />
	<keyboard pid="655" file="69BCF836-310A-4BFF-9663-8134CC04A7B5.dll" mapping="chromalink" />
	<keyboard pid="656" file="4FE6D485-08A6-4C32-8484-2BD6A1451025.dll" mapping="keyboard" />
	<keyboard pid="658" file="704A4B8F-0CD6-4D79-BFE7-8B1190E4A85C.dll" mapping="keyboard" />
	<keyboard pid="659" file="704A4B8F-0CD6-4D79-BFE7-8B1190E4A85C.dll" mapping="keyboard" />
	<keyboard pid="660" file="69BCF836-310A-4BFF-9663-8134CC04A7B5.dll" mapping="chromalink" />
	<keyboard pid="661" file="704A4B8F-0CD6-4D79-BFE7-8B1190E4A85C.dll" mapping="keyboard" />
	<keyboard pid="662" file="4FE6D485-08A6-4C32-8484-2BD6A1451025.dll" mapping="keyboard" />
	<keyboard pid="664" file="704A4B8F-0CD6-4D79-BFE7-8B1190E4A85C.dll" mapping="keyboard" />
	<keyboard pid="673" file="69BCF836-310A-4BFF-9663-8134CC04A7B5.dll" mapping="chromalink" />
	<keyboard pid="674" file="69BCF836-310A-4BFF-9663-8134CC04A7B5.dll" mapping="chromalink" />
	<keyboard pid="675" file="69BCF836-310A-4BFF-9663-8134CC04A7B5.dll" mapping="chromalink" />
	<keyboard pid="677" file="704A4B8F-0CD6-4D79-BFE7-8B1190E4A85C.dll" mapping="keyboard" />
	<keyboard pid="678" file="704A4B8F-0CD6-4D79-BFE7-8B1190E4A85C.dll" mapping="keyboard" />
	<keyboard pid="679" file="704A4B8F-0CD6-4D79-BFE7-8B1190E4A85C.dll" mapping="keyboard" />
	<keyboard pid="680" file="704A4B8F-0CD6-4D79-BFE7-8B1190E4A85C.dll" mapping="keyboard" />
	<keyboard pid="688" file="704A4B8F-0CD6-4D79-BFE7-8B1190E4A85C.dll" mapping="keyboard" />
	<keyboard pid="689" file="704A4B8F-0CD6-4D79-BFE7-8B1190E4A85C.dll" mapping="keyboard" />
	<keyboard pid="691" file="704A4B8F-0CD6-4D79-BFE7-8B1190E4A85C.dll" mapping="keyboard" />
	<keyboard pid="692" file="4FE6D485-08A6-4C32-8484-2BD6A1451025.dll" mapping="keyboard" />
	<keyboard pid="697" file="704A4B8F-0CD6-4D79-BFE7-8B1190E4A85C.dll" mapping="keyboard" />
	<keyboard pid="698" file="4FE6D485-08A6-4C32-8484-2BD6A1451025.dll" mapping="keyboard" />
	<keyboard pid="713" file="4FE6D485-08A6-4C32-8484-2BD6A1451025.dll" mapping="keyboard" />
	<keyboard pid="716" file="704A4B8F-0CD6-4D79-BFE7-8B1190E4A85C.dll" mapping="keyboard" />
	<keyboard pid="717" file="69BCF836-310A-4BFF-9663-8134CC04A7B5.dll" mapping="chromalink" />
	<keyboard pid="719" file="704A4B8F-0CD6-4D79-BFE7-8B1190E4A85C.dll" mapping="keyboard" />
	<keyboard pid="720" file="704A4B8F-0CD6-4D79-BFE7-8B1190E4A85C.dll" mapping="keyboard" />
	<keyboard pid="721" file="704A4B8F-0CD6-4D79-BFE7-8B1190E4A85C.dll" mapping="keyboard" />
	<keyboard pid="722" file="4FE6D485-08A6-4C32-8484-2BD6A1451025.dll" mapping="keyboard" />
	<keyboard pid="724" file="704A4B8F-0CD6-4D79-BFE7-8B1190E4A85C.dll" mapping="keyboard" />
	<keyboard pid="725" file="4FE6D485-08A6-4C32-8484-2BD6A1451025.dll" mapping="keyboard" />
	<keyboard pid="727" file="704A4B8F-0CD6-4D79-BFE7-8B1190E4A85C.dll" mapping="keyboard" />
	<keyboard pid="2308" file="BD6FFEFA-572B-480D-88D8-6E12A203736C.dll" mapping="keyboard" />
	<keyboard pid="2593" file="BD6FFEFA-572B-480D-88D8-6E12A203736C.dll" mapping="keyboard" />
	<keyboard pid="2595" file="704A4B8F-0CD6-4D79-BFE7-8B1190E4A85C.dll" mapping="keyboard" />
	<keyboard pid="2596" file="704A4B8F-0CD6-4D79-BFE7-8B1190E4A85C.dll" mapping="keyboard" />
    <system pid="517" file="B36598AE-1703-4DAD-807F-C1637F1546A8.dll" mapping="keyboard" />
    <system pid="527" file="B36598AE-1703-4DAD-807F-C1637F1546A8.dll" mapping="keyboard" />
    <system pid="544" file="B36598AE-1703-4DAD-807F-C1637F1546A8.dll" mapping="keyboard" />
    <system pid="547" file="B36598AE-1703-4DAD-807F-C1637F1546A8.dll" mapping="keyboard" />
    <system pid="548" file="B36598AE-1703-4DAD-807F-C1637F1546A8.dll" mapping="keyboard" />
    <system pid="557" file="B36598AE-1703-4DAD-807F-C1637F1546A8.dll" mapping="keyboard" />
	<system pid="562" file="B36598AE-1703-4DAD-807F-C1637F1546A8.dll" mapping="keyboard" />
	<system pid="563" file="B36598AE-1703-4DAD-807F-C1637F1546A8.dll" mapping="keyboard" />
    <system pid="528" file="5FEBC6FD-A56C-4E37-BDE1-35DD0ABAC1C8.dll" mapping="keyboard" />
    <system pid="549" file="5FEBC6FD-A56C-4E37-BDE1-35DD0ABAC1C8.dll" mapping="keyboard" />
    <system pid="559" file="5FEBC6FD-A56C-4E37-BDE1-35DD0ABAC1C8.dll" mapping="keyboard" />
	<system pid="564" file="B36598AE-1703-4DAD-807F-C1637F1546A8.dll" mapping="keyboard" />
	<system pid="569" file="B36598AE-1703-4DAD-807F-C1637F1546A8.dll" mapping="chromalink" />
	<system pid="570" file="B36598AE-1703-4DAD-807F-C1637F1546A8.dll" mapping="keyboard" />	
	<system pid="571" file="B36598AE-1703-4DAD-807F-C1637F1546A8.dll" mapping="chromalink" />	
	<system pid="576" file="B36598AE-1703-4DAD-807F-C1637F1546A8.dll" mapping="keyboard" />
	<system pid="581" file="B36598AE-1703-4DAD-807F-C1637F1546A8.dll" mapping="keyboard" />
	<system pid="582" file="B36598AE-1703-4DAD-807F-C1637F1546A8.dll" mapping="chromalink" />
	<system pid="586" file="69BCF836-310A-4BFF-9663-8134CC04A7B5.dll" mapping="chromalink" />
	<system pid="587" file="B36598AE-1703-4DAD-807F-C1637F1546A8.dll" mapping="keyboard" />
	<system pid="588" file="B36598AE-1703-4DAD-807F-C1637F1546A8.dll" mapping="keyboard" />
	<system pid="589" file="B36598AE-1703-4DAD-807F-C1637F1546A8.dll" mapping="keyboard" />
	<system pid="594" file="69BCF836-310A-4BFF-9663-8134CC04A7B5.dll" mapping="chromalink" />
	<system pid="595" file="B36598AE-1703-4DAD-807F-C1637F1546A8.dll" mapping="keyboard" />
	<system pid="596" file="B36598AE-1703-4DAD-807F-C1637F1546A8.dll" mapping="keyboard" />
	<system pid="597" file="69BCF836-310A-4BFF-9663-8134CC04A7B5.dll" mapping="chromalink" />
	<system pid="598" file="B36598AE-1703-4DAD-807F-C1637F1546A8.dll" mapping="keyboard" />
	<system pid="601" file="69BCF836-310A-4BFF-9663-8134CC04A7B5.dll" mapping="chromalink" />
	<system pid="616" file="69BCF836-310A-4BFF-9663-8134CC04A7B5.dll" mapping="chromalink" />
	<system pid="618" file="B36598AE-1703-4DAD-807F-C1637F1546A8.dll" mapping="keyboard" />
	<system pid="621" file="B36598AE-1703-4DAD-807F-C1637F1546A8.dll" mapping="keyboard" />
	<system pid="623" file="69BCF836-310A-4BFF-9663-8134CC04A7B5.dll" mapping="chromalink" />
	<system pid="622" file="B36598AE-1703-4DAD-807F-C1637F1546A8.dll" mapping="keyboard" />
	<system pid="624" file="B36598AE-1703-4DAD-807F-C1637F1546A8.dll" mapping="keyboard" />
	<system pid="630" file="B36598AE-1703-4DAD-807F-C1637F1546A8.dll" mapping="keyboard" />
	<system pid="633" file="B36598AE-1703-4DAD-807F-C1637F1546A8.dll" mapping="keyboard" />
	<system pid="634" file="69BCF836-310A-4BFF-9663-8134CC04A7B5.dll" mapping="chromalink" />
	<system pid="650" file="B36598AE-1703-4DAD-807F-C1637F1546A8.dll" mapping="keyboard" />
	<system pid="651" file="B36598AE-1703-4DAD-807F-C1637F1546A8.dll" mapping="keyboard" />
	<system pid="652" file="B36598AE-1703-4DAD-807F-C1637F1546A8.dll" mapping="keyboard" />
	<system pid="669" file="B36598AE-1703-4DAD-807F-C1637F1546A8.dll" mapping="keyboard" />
	<system pid="670" file="B36598AE-1703-4DAD-807F-C1637F1546A8.dll" mapping="keyboard" />
	<system pid="671" file="B36598AE-1703-4DAD-807F-C1637F1546A8.dll" mapping="keyboard" />
	<system pid="672" file="B36598AE-1703-4DAD-807F-C1637F1546A8.dll" mapping="keyboard" />
	<system pid="694" file="B36598AE-1703-4DAD-807F-C1637F1546A8.dll" mapping="keyboard" />
	<system pid="695" file="B36598AE-1703-4DAD-807F-C1637F1546A8.dll" mapping="keyboard" />
	<system pid="696" file="B36598AE-1703-4DAD-807F-C1637F1546A8.dll" mapping="keyboard" />
    <system pid="709" file="B36598AE-1703-4DAD-807F-C1637F1546A8.dll" mapping="keyboard" />
	<system pid="710" file="B36598AE-1703-4DAD-807F-C1637F1546A8.dll" mapping="keyboard" />
	<system pid="711" file="704A4B8F-0CD6-4D79-BFE7-8B1190E4A85C.dll" mapping="keyboard" />
    <mouse pid="67" file="9859A36E-F09D-42BF-99DD-3A0278ABD0D6.dll" mapping="mouse" />
    <mouse pid="70" file="FE69988D-971D-4A6F-99FD-910CA2102E8F.dll" mapping="mouse" />
    <mouse pid="76" file="FBD0BAC9-7FC1-4195-B060-B77F279646FA.dll" mapping="mouse" />
    <mouse pid="68" file="D3ED2CE4-AF6D-48C3-A912-13D29FC1C575.dll" mapping="mouse" />
    <mouse pid="69" file="D3ED2CE4-AF6D-48C3-A912-13D29FC1C575.dll" mapping="mouse" />
    <mouse pid="62" file="3195586B-0F0E-4EB9-8297-7C4629FF5C21.dll" mapping="mouse" />
    <mouse pid="72" file="E891300D-E78E-47EA-ADA2-7CF7A79EC541.dll" mapping="mouse" />
    <mouse pid="83" file="6CC98B1D-5CEE-4DDB-A256-E973B40FB5B8.dll" mapping="mouse" />
    <mouse pid="80" file="6CC98B1D-5CEE-4DDB-A256-E973B40FB5B8.dll" mapping="mouse" />
    <mouse pid="92" file="CEB0A1E3-165D-4560-92CB-6A313976C26D.dll" mapping="mouse" />
    <mouse pid="89" file="AB3D60C2-F9FC-4C05-AA0D-9EDE0303F9B7.dll" mapping="mouse" />
    <mouse pid="96" file="AB3D60C2-F9FC-4C05-AA0D-9EDE0303F9B7.dll" mapping="mouse" />
    <mouse pid="90" file="AB3D60C2-F9FC-4C05-AA0D-9EDE0303F9B7.dll" mapping="mouse" />
    <mouse pid="99" file="CEB0A1E3-165D-4560-92CB-6A313976C26D.dll" mapping="mouse" />
    <mouse pid="100" file="CEB0A1E3-165D-4560-92CB-6A313976C26D.dll" mapping="mouse" />
	<mouse pid="101" file="CEB0A1E3-165D-4560-92CB-6A313976C26D.dll" mapping="mouse" />
	<mouse pid="103" file="CEB0A1E3-165D-4560-92CB-6A313976C26D.dll" mapping="mouse"/>
	<mouse pid="105" file="2980B2EA-827E-49A6-A545-4C1DA85A6CCB.dll" mapping="mouse" />
	<mouse pid="106" file="CEB0A1E3-165D-4560-92CB-6A313976C26D.dll" mapping="mouse" />
	<mouse pid="107" file="CEB0A1E3-165D-4560-92CB-6A313976C26D.dll" mapping="mouse" />
	<mouse pid="108" file="4F7B0967-9B93-48D4-BC7B-B1C4180C383E.dll" mapping="mouse" />
	<mouse pid="111" file="CEB0A1E3-165D-4560-92CB-6A313976C26D.dll" mapping="mouse" />
    <mouse pid="112" file="CEB0A1E3-165D-4560-92CB-6A313976C26D.dll" mapping="mouse" />
	<mouse pid="114" file="2980B2EA-827E-49A6-A545-4C1DA85A6CCB.dll" mapping="mouse" />
	<mouse pid="115" file="2980B2EA-827E-49A6-A545-4C1DA85A6CCB.dll" mapping="mouse" />
	<mouse pid="116" file="CEB0A1E3-165D-4560-92CB-6A313976C26D.dll" mapping="mouse" />
	<mouse pid="117" file="CEB0A1E3-165D-4560-92CB-6A313976C26D.dll" mapping="mouse" />
	<mouse pid="120" file="CEB0A1E3-165D-4560-92CB-6A313976C26D.dll" mapping="mouse" />
	<mouse pid="122" file="CEB0A1E3-165D-4560-92CB-6A313976C26D.dll" mapping="mouse" />
	<mouse pid="123" file="4966923E-10C1-4D00-8EA2-518789FF81D1.dll" mapping="mouse" />
	<mouse pid="124" file="CEB0A1E3-165D-4560-92CB-6A313976C26D.dll" mapping="mouse" />
	<mouse pid="125" file="4FE6D485-08A6-4C32-8484-2BD6A1451025.dll" mapping="mouse" />
	<mouse pid="126" file="4966923E-10C1-4D00-8EA2-518789FF81D1.dll" mapping="mouse" />
	<mouse pid="132" file="CEB0A1E3-165D-4560-92CB-6A313976C26D.dll" mapping="mouse" />
	<mouse pid="133" file="CEB0A1E3-165D-4560-92CB-6A313976C26D.dll" mapping="mouse" />
	<mouse pid="134" file="CEB0A1E3-165D-4560-92CB-6A313976C26D.dll" mapping="mouse" />
	<mouse pid="136" file="4966923E-10C1-4D00-8EA2-518789FF81D1.dll" mapping="mouse" />
	<mouse pid="138" file="CEB0A1E3-165D-4560-92CB-6A313976C26D.dll" mapping="mouse" />
	<mouse pid="140" file="CEB0A1E3-165D-4560-92CB-6A313976C26D.dll" mapping="mouse" />
	<mouse pid="141" file="CEB0A1E3-165D-4560-92CB-6A313976C26D.dll" mapping="mouse" />
	<mouse pid="142" file="93A4D42E-01BE-4E17-A9FD-68C027ABF682.dll" mapping="mouse" />
	<mouse pid="143" file="CEB0A1E3-165D-4560-92CB-6A313976C26D.dll" mapping="mouse" />
	<mouse pid="144" file="4FE6D485-08A6-4C32-8484-2BD6A1451025.dll" mapping="mouse" />
	<mouse pid="145" file="CEB0A1E3-165D-4560-92CB-6A313976C26D.dll" mapping="mouse" />
	<mouse pid="146" file="93A4D42E-01BE-4E17-A9FD-68C027ABF682.dll" mapping="mouse" />
	<mouse pid="147" file="CEB0A1E3-165D-4560-92CB-6A313976C26D.dll" mapping="mouse" />
	<mouse pid="148" file="4FE6D485-08A6-4C32-8484-2BD6A1451025.dll" mapping="mouse" />
	<mouse pid="150" file="CEB0A1E3-165D-4560-92CB-6A313976C26D.dll" mapping="mouse" />
	<mouse pid="153" file="CEB0A1E3-165D-4560-92CB-6A313976C26D.dll" mapping="mouse" />
	<mouse pid="154" file="4FE6D485-08A6-4C32-8484-2BD6A1451025.dll" mapping="mouse" />
	<mouse pid="156" file="4FE6D485-08A6-4C32-8484-2BD6A1451025.dll" mapping="mouse" />
	<mouse pid="161" file="CEB0A1E3-165D-4560-92CB-6A313976C26D.dll" mapping="mouse" />
	<mouse pid="163" file="CEB0A1E3-165D-4560-92CB-6A313976C26D.dll" mapping="mouse" />
	<mouse pid="164" file="4B13C8B1-F1FA-43B1-BD70-628A15F5BFD7.dll" mapping="mouse" />	
	<mouse pid="166" file="4FE6D485-08A6-4C32-8484-2BD6A1451025.dll" mapping="mouse" />
	<mouse pid="167" file="CEB0A1E3-165D-4560-92CB-6A313976C26D.dll" mapping="mouse" />
	<mouse pid="168" file="4FE6D485-08A6-4C32-8484-2BD6A1451025.dll" mapping="mouse" />
	<mouse pid="169" file="93A4D42E-01BE-4E17-A9FD-68C027ABF682.dll" mapping="mouse" />
	<mouse pid="170" file="CEB0A1E3-165D-4560-92CB-6A313976C26D.dll" mapping="mouse" />
	<mouse pid="171" file="4FE6D485-08A6-4C32-8484-2BD6A1451025.dll" mapping="mouse" />
	<mouse pid="172" file="93A4D42E-01BE-4E17-A9FD-68C027ABF682.dll" mapping="mouse" />
	<mouse pid="175" file="CEB0A1E3-165D-4560-92CB-6A313976C26D.dll" mapping="mouse" />
	<mouse pid="176" file="4FE6D485-08A6-4C32-8484-2BD6A1451025.dll" mapping="mouse" />
	<mouse pid="177" file="93A4D42E-01BE-4E17-A9FD-68C027ABF682.dll" mapping="mouse"/>
	<mouse pid="179" file="4FE6D485-08A6-4C32-8484-2BD6A1451025.dll" mapping="mouse" />
	<mouse pid="180" file="CEB0A1E3-165D-4560-92CB-6A313976C26D.dll" mapping="mouse" />
	<mouse pid="183" file="4FE6D485-08A6-4C32-8484-2BD6A1451025.dll" mapping="mouse" />
	<mouse pid="184" file="4FE6D485-08A6-4C32-8484-2BD6A1451025.dll" mapping="mouse" />
	<mouse pid="185" file="4FE6D485-08A6-4C32-8484-2BD6A1451025.dll" mapping="mouse" />
	<mouse pid="186" file="93A4D42E-01BE-4E17-A9FD-68C027ABF682.dll" mapping="mouse" />
	<mouse pid="193" file="4FE6D485-08A6-4C32-8484-2BD6A1451025.dll" mapping="mouse" />
	<mouse pid="197" file="4FE6D485-08A6-4C32-8484-2BD6A1451025.dll" mapping="mouse" />
	<mouse pid="199" file="CEB0A1E3-165D-4560-92CB-6A313976C26D.dll" mapping="mouse" />
	<mouse pid="200" file="4FE6D485-08A6-4C32-8484-2BD6A1451025.dll" mapping="mouse" />
	<mouse pid="201" file="93A4D42E-01BE-4E17-A9FD-68C027ABF682.dll" mapping="mouse" />
	<mouse pid="203" file="CEB0A1E3-165D-4560-92CB-6A313976C26D.dll" mapping="mouse" />
	<mouse pid="204" file="CEB0A1E3-165D-4560-92CB-6A313976C26D.dll" mapping="mouse" />
	<mouse pid="205" file="4FE6D485-08A6-4C32-8484-2BD6A1451025.dll" mapping="mouse" />
	<mouse pid="206" file="93A4D42E-01BE-4E17-A9FD-68C027ABF682.dll" mapping="mouse" />
	<mouse pid="207" file="DDA99449-F4B3-4C82-93A2-1BB97D34737E.dll" mapping="mouse" />
	<mouse pid="208" file="CEB0A1E3-165D-4560-92CB-6A313976C26D.dll" mapping="mouse" />
	<mouse pid="209" file="4FE6D485-08A6-4C32-8484-2BD6A1451025.dll" mapping="mouse" />
	<mouse pid="210" file="93A4D42E-01BE-4E17-A9FD-68C027ABF682.dll" mapping="mouse" />
	<mouse pid="211" file="CEB0A1E3-165D-4560-92CB-6A313976C26D.dll" mapping="mouse" />
	<mouse pid="212" file="CEB0A1E3-165D-4560-92CB-6A313976C26D.dll" mapping="mouse" />
	<mouse pid="213" file="93A4D42E-01BE-4E17-A9FD-68C027ABF682.dll" mapping="mouse" />
	<mouse pid="214" file="CEB0A1E3-165D-4560-92CB-6A313976C26D.dll" mapping="mouse" />
	<mouse pid="215" file="4FE6D485-08A6-4C32-8484-2BD6A1451025.dll" mapping="mouse" />
	<mouse pid="216" file="93A4D42E-01BE-4E17-A9FD-68C027ABF682.dll" mapping="mouse" />
	<mouse pid="218" file="CEB0A1E3-165D-4560-92CB-6A313976C26D.dll" mapping="mouse" />
	<mouse pid="219" file="4FE6D485-08A6-4C32-8484-2BD6A1451025.dll" mapping="mouse" />
	<mouse pid="220" file="93A4D42E-01BE-4E17-A9FD-68C027ABF682.dll" mapping="mouse" />
	<mouse pid="2594" file="CEB0A1E3-165D-4560-92CB-6A313976C26D.dll" mapping="mouse" />
    <headset pid="1284" mi="3" col="1" file="5018AB45-3008-45D4-85AA-A5B3CF32E048.dll" mapping="headset" />
    <headset pid="2562" mi="3" col="3" file="5FFCCBCC-C049-4E8A-85B0-DE5FC5D20008.dll" mapping="headset" />
    <headset pid="1296" mi="3" col="1" file="5018AB45-3008-45D4-85AA-A5B3CF32E048.dll" mapping="headset" />
	<headset pid="1306" mi="5" col="3" file="98BF1022-9230-4ACA-B11A-D3BC8A319606.dll" mapping="headset" />
	<headset pid="1308" mi="5" col="3" file="98BF1022-9230-4ACA-B11A-D3BC8A319606.dll" mapping="headset" />
    <headset pid="3843" file="A03145E0-1A58-4F3B-9B08-AABF286BD5EE.dll" mapping="headset" />
    <headset pid="1319" mi="3" col="1" file="5018AB45-3008-45D4-85AA-A5B3CF32E048.dll" mapping="headset" />
	<headset pid="3865" file = "69BCF836-310A-4BFF-9663-8134CC04A7B5.dll" mapping="chromalink" />
	<headset pid="777" file="D9BCAB19-28D0-43DF-B8C8-E6F2D46BBBA0.dll" mapping="chromalink" />
	<headset pid="1324" file="E78202AB-415E-4680-AD16-D4484286B61F.dll" mapping="chromalink" />
	<headset pid="1328" file="D9BCAB19-28D0-43DF-B8C8-E6F2D46BBBA0.dll" mapping="chromalink" />
	<headset pid="1332" file="D9BCAB19-28D0-43DF-B8C8-E6F2D46BBBA0.dll" mapping="chromalink" />
	<headset pid="1335" mi="3" col="1" file="5018AB45-3008-45D4-85AA-A5B3CF32E048.dll" mapping="chromalink" />
	<headset pid="1331" mi="3" col="1" file="E78202AB-415E-4680-AD16-D4484286B61F.dll" mapping="chromalink" />
	<headset pid="1353" mi="3" col="1" file="E78202AB-415E-4680-AD16-D4484286B61F.dll" mapping="chromalink" />
	<headset pid="1364" mi="3" col="1" file="E78202AB-415E-4680-AD16-D4484286B61F.dll" mapping="chromalink" />
	<headset pid="1376" mi="3" col="1" file="5018AB45-3008-45D4-85AA-A5B3CF32E048.dll" mapping="chromalink" />
	<headset pid="1383" mi="5" col="4" file="FD0EE1BE-6055-4925-ACC2-2DFAF4102F8B.dll" mapping="headset" />
	<headset pid="1384" mi="4" col="2" file="FD0EE1BE-6055-4925-ACC2-2DFAF4102F8B.dll" mapping="headset" />
	<headset pid="1387" mi="5" col="4" file="FD0EE1BE-6055-4925-ACC2-2DFAF4102F8B.dll" mapping="headset" />
	<headset pid="1388" mi="5" col="4" file="FD0EE1BE-6055-4925-ACC2-2DFAF4102F8B.dll" mapping="headset" />
	<headset pid="1389" mi="3" col="1" file="5018AB45-3008-45D4-85AA-A5B3CF32E048.dll" mapping="headset" />
	<headset pid="1396" mi="3" col="4" file="FD0EE1BE-6055-4925-ACC2-2DFAF4102F8B.dll" mapping="headset" />
    <headset pid="1410" mi="3" col="-1" file="5018AB45-3008-45D4-85AA-A5B3CF32E048.dll" mapping="chromalink" />
	<headset pid="1415" mi="5" col="4" file="FD0EE1BE-6055-4925-ACC2-2DFAF4102F8B.dll" mapping="headset" />
	<headset pid="1416" mi="5" col="4" file="FD0EE1BE-6055-4925-ACC2-2DFAF4102F8B.dll" mapping="headset" />
	<headset pid="1418" mi="3" col="-1" file="5018AB45-3008-45D4-85AA-A5B3CF32E048.dll" mapping="chromalink" />
	<speaker pid="1303" file="3C1ABAC1-E1C4-4298-A3F0-35B2B42BDA04.dll" mapping="headset" />
    <speaker pid="1304" file="3C1ABAC1-E1C4-4298-A3F0-35B2B42BDA04.dll" mapping="headset" />
	<speaker pid="1330" file="716E631F-CDA1-4B3F-8AC9-6B7FEA59121D.dll" mapping="mousemat" />
	<speaker pid="1352" mi="4" col="-1" file="716E631F-CDA1-4B3F-8AC9-6B7FEA59121D.dll" mapping="mousemat" />
	<speaker pid="1354" file="716E631F-CDA1-4B3F-8AC9-6B7FEA59121D.dll" mapping="mousemat" />
	<speaker pid="1370" file="FD0EE1BE-6055-4925-ACC2-2DFAF4102F8B.dll" mapping="headset" />
	<speaker pid="1372" file="FD0EE1BE-6055-4925-ACC2-2DFAF4102F8B.dll" mapping="headset" />
	<headset pid="1378" file="D9BCAB19-28D0-43DF-B8C8-E6F2D46BBBA0.dll" mapping="headset" />
	<headset pid="1406" file="D9BCAB19-28D0-43DF-B8C8-E6F2D46BBBA0.dll" mapping="headset" />
	<headset pid="1407" file="D9BCAB19-28D0-43DF-B8C8-E6F2D46BBBA0.dll" mapping="headset" />
    <headset pid="1408" file="D9BCAB19-28D0-43DF-B8C8-E6F2D46BBBA0.dll" mapping="headset" />
    <mousemat pid="104" file="2980B2EA-827E-49A6-A545-4C1DA85A6CCB.dll" mapping="mousemat" />
    <mousemat pid="3072" file="D652FD4F-C88B-4185-974D-5FDD1E789925.dll" mapping="mousemat" />
	<mousemat pid="3073" file="716E631F-CDA1-4B3F-8AC9-6B7FEA59121D.dll" mapping="chromalink" />
	<mousemat pid="3074" file="69BCF836-310A-4BFF-9663-8134CC04A7B5.dll" mapping="chromalink" />
	<mousemat pid="3076" file="716E631F-CDA1-4B3F-8AC9-6B7FEA59121D.dll" mapping="mousemat" />
	<mousemat pid="3080" file="716E631F-CDA1-4B3F-8AC9-6B7FEA59121D.dll" mapping="mousemat" />
	<accessory pid="3847" file="D652FD4F-C88B-4185-974D-5FDD1E789925.dll" mapping="mousemat" />
	<accessory pid="3883" file="716E631F-CDA1-4B3F-8AC9-6B7FEA59121D.dll" mapping="mousemat" />
	<accessory pid="3907" file="716E631F-CDA1-4B3F-8AC9-6B7FEA59121D.dll" mapping="mousemat" />
	<mousemat pid="3077" file="716E631F-CDA1-4B3F-8AC9-6B7FEA59121D.dll" mapping="mousemat" />
	<mousemat pid="3078" file="69BCF836-310A-4BFF-9663-8134CC04A7B5.dll" mapping="chromalink" />
	<mousemat pid="3080" file="716E631F-CDA1-4B3F-8AC9-6B7FEA59121D.dll" mapping="mousemat" />
    <accessory pid="3848" file="599D24BA-A24B-4AAB-98F1-41264CCCDF27.dll" mapping="mousemat" />
	<accessory pid="3853" file="599D24BA-A24B-4AAB-98F1-41264CCCDF27.dll" mapping="mousemat" />
    <keypad pid="520" mi="2" col="-1" file="2C3E685D-4A25-4268-B4D8-FB627E5EA8E4.dll" mapping="keypad" />
    <keypad pid="519" mi="2" col="-1" file="72A2AAD5-2222-46E4-8CDF-DA8AC1FB350A.dll" mapping="keypad" />
	<keypad pid="555" mi="2" col="-1" file="2C3E685D-4A25-4268-B4D8-FB627E5EA8E4.dll" mapping="keypad" />
    <external pid="3840" file="8B8BC4A3-E531-495C-A831-4AD2AEF3CC32.dll" mapping="chromalink" />
    <external pid="3841" file="DECA94FC-5917-4D16-85C1-AB498BCC8467.dll" mapping="chromalink" />
    <chromamodule pid="3849" file="CBD61838-187C-4A48-95CC-F34F6C741ED9.dll" mapping="chromalink" />
    <chromamodule pid="3854" file="CBD61838-187C-4A48-95CC-F34F6C741ED9.dll" mapping="chromalink" />
	<chromamodule pid="3852" file="3ADDDBCD-0FB2-40DC-ACF3-EF02C2889B9C.dll" mapping="chromalink" />
    <chromamodule pid="533" file="0E89EB0D-C63C-428B-B765-86D69AB356EF.dll" mapping="chromalink" />
    <chromamodule pid="3866" file="0E89EB0D-C63C-428B-B765-86D69AB356EF.dll" mapping="chromalink" />
    <chromamodule pid="3844" file="69BCF836-310A-4BFF-9663-8134CC04A7B5.dll" mapping="chromalink" />
	<chromamodule pid="3858" file="716E631F-CDA1-4B3F-8AC9-6B7FEA59121D.dll" mapping="mousemat" />
    <chromamodule pid="3859" file="69BCF836-310A-4BFF-9663-8134CC04A7B5.dll" mapping="chromalink" />
	<chromamodule pid="3863" file="69BCF836-310A-4BFF-9663-8134CC04A7B5.dll" mapping="chromalink" />
	<external pid="769" type="huestream.Bridge" file="D7DB125D-DFAA-4CCF-BB17-80A467153001.dll" mapping="homelighting" />
	<external pid="819" type="Nanoleaf" file="4089A0EF-E869-4265-852B-0107E6D11B65.dll" mapping="chromalink" />
	<keypad pid="580" file="AABB341B-2E5F-42B4-AA69-93AF778651CA.dll" mapping="keypad" />
	<accessory pid="3867" file="1B375B0D-1538-4B73-B592-2A73D7D4D8CB.dll" mapping="chromalink" />
	<accessory pid="3868" file="1B375B0D-1538-4B73-B592-2A73D7D4D8CB.dll" mapping="chromalink" />
	<accessory pid="3871" file="69BCF836-310A-4BFF-9663-8134CC04A7B5.dll" mapping="chromalink" />
	<accessory pid="3869" file="716E631F-CDA1-4B3F-8AC9-6B7FEA59121D.dll" mapping="mousemat" />
	<chromamodule pid="3872" file="716E631F-CDA1-4B3F-8AC9-6B7FEA59121D.dll" mapping="mousemat" />
	<accessory pid="3878" file="716E631F-CDA1-4B3F-8AC9-6B7FEA59121D.dll" mapping="mousemat" />
	<chromamodule pid="3879" file="69BCF836-310A-4BFF-9663-8134CC04A7B5.dll" mapping="chromalink" />
	<external pid="418" file="9FA77D1C-28C0-4322-B658-B37E2DE25071.dll" mapping="chromalink" />
	<external pid="778" file="9FA77D1C-28C0-4322-B658-B37E2DE25071.dll" mapping="chromalink" />
	<chromamodule pid="3880" file="0F985EE0-D71D-4529-B21C-3E5B5692B64D.dll" mapping="mousemat" />
	<chromamodule pid="5127" file="0F985EE0-D71D-4529-B21C-3E5B5692B64D.dll" mapping="mousemat" />
	<chromamodule pid="3873" file="716E631F-CDA1-4B3F-8AC9-6B7FEA59121D.dll" mapping="mousemat" />
	<accessory pid="3884" file="69BCF836-310A-4BFF-9663-8134CC04A7B5.dll" mapping="chromalink" />
	<accessory pid="3891" file="69BCF836-310A-4BFF-9663-8134CC04A7B5.dll" mapping="chromalink" />
	<accessory pid="780" file="160ABD6E-38B2-4FFC-B58B-BF76FFC84A84.dll" mapping="chromalink" />
	<accessory pid="781" file="160ABD6E-38B2-4FFC-B58B-BF76FFC84A84.dll" mapping="chromalink" />
	<accessory pid="782" file="160ABD6E-38B2-4FFC-B58B-BF76FFC84A84.dll" mapping="chromalink" />
	<accessory pid="783" file="160ABD6E-38B2-4FFC-B58B-BF76FFC84A84.dll" mapping="chromalink" />
	<accessory pid="784" file="160ABD6E-38B2-4FFC-B58B-BF76FFC84A84.dll" mapping="chromalink" />
	<accessory pid="786" file="160ABD6E-38B2-4FFC-B58B-BF76FFC84A84.dll" mapping="mousemat" />
	<accessory pid="790" file="160ABD6E-38B2-4FFC-B58B-BF76FFC84A84.dll" mapping="mousemat" />
	<accessory pid="791" file="160ABD6E-38B2-4FFC-B58B-BF76FFC84A84.dll" mapping="chromalink" />
	<accessory pid="3893" type="usbdevice" file="E78202AB-415E-4680-AD16-D4484286B61F.dll" mapping="chromalink" />
	<accessory pid="3894" type="btdevice" file="E78202AB-415E-4680-AD16-D4484286B61F.dll" mapping="chromalink" />
	<accessory pid="1391" file="A3160366-F498-437C-8D0D-0CFCC4E091FB.dll" mi="3" col="2" mapping="chromalink" />
	<chromamodule pid="3922" file="716E631F-CDA1-4B3F-8AC9-6B7FEA59121D.dll" mapping="mousemat" />
	<accessory pid="3932" file="716E631F-CDA1-4B3F-8AC9-6B7FEA59121D.dll" mapping="mousemat" />
	<accessory pid="3929" file="716E631F-CDA1-4B3F-8AC9-6B7FEA59121D.dll" mapping="mousemat" />	
</devices>
<deviceid>
	<device id="{09A2DE6C-101D-4432-BC33-8A8E3337E5E4}" row="1" col="4" >
		<devicepid pid="1364" />
	</device>
	<device id="{9CE312B6-744F-47A3-A839-619DEEE7CD73}" row="1" col="1"	>
		<devicepid pid="1376" />
	</device>
	<device id="{7B2134E7-53EF-4FEF-AEF9-84FFAB0C7B2C}" row="1" col="2" >
		<devicepid pid="1378" />
	</device>
	<device id="{C03C9B3D-BD6E-4208-A308-5905A7B537B5}" row="1" col="10">
		<devicepid pid="1391" />
	</device>
	<device id="{23E604C0-ADFC-448E-A9B6-89B5D6EEC606}" row="1" col="2" >
		<devicepid pid="1406" />
	</device>
	<device id="{3AE80F7A-7FE6-4915-AE36-B9307108A740}" row="1" col="2" >
		<devicepid pid="1407" />
	</device>
	<device id="{24E87979-8C3F-4535-9CFB-B1D743A6AEF6}" row="1" col="2" >
		<devicepid pid="1408" />
	</device>
		<device id="{B2F0BFF7-FC66-436C-A675-430665310189}" row="1" col="1"	>
		<devicepid pid="1418" />
	</device>
</deviceid>
