<?xml version="1.0"?>
<LightingEffects xmlns:xsi="http://www.w3.org/2001/XMLSchema-instance" xmlns:xsd="http://www.w3.org/2001/XMLSchema">
  <Mode>advanced</Mode>
  <Devices>
    <Device>
      <Name>RAZER DEATHADDER ELITE</Name>
      <Product_ID>92</Product_ID>
      <Vendor_ID>5426</Vendor_ID>
      <Handle>1385223366</Handle>
      <Type>1</Type>
    </Device>
    <Device>
      <Name>CHROMA CONNECT</Name>
      <Product_ID>770</Product_ID>
      <Vendor_ID>5426</Vendor_ID>
      <Handle>291</Handle>
      <Type>7</Type>
      <RegionId>2147483760</RegionId>
    </Device>
    <Device>
      <Name>RAZER BASILISK V3</Name>
      <Product_ID>153</Product_ID>
      <Vendor_ID>5426</Vendor_ID>
      <Serial_Number>632428H21301637</Serial_Number>
      <Handle>3283488522</Handle>
      <Type>1</Type>
    </Device>
  </Devices>
  <Colors />
  <RandomColor>false</RandomColor>
  <DeviceLayout>
    <DevPositions>
      <Item>
        <Key>
          <Device>
            <Name>RAZER DEATHADDER ELITE</Name>
            <Product_ID>92</Product_ID>
            <Vendor_ID>5426</Vendor_ID>
            <Handle>1385223366</Handle>
            <Type>1</Type>
          </Device>
        </Key>
        <Value>
          <DevPos>
            <X>60</X>
            <Y>56</Y>
            <Z>0</Z>
          </DevPos>
        </Value>
      </Item>
      <Item>
        <Key>
          <Device>
            <Name>CHROMA CONNECT</Name>
            <Product_ID>770</Product_ID>
            <Vendor_ID>5426</Vendor_ID>
            <Handle>291</Handle>
            <Type>7</Type>
            <RegionId>2147483760</RegionId>
          </Device>
        </Key>
        <Value>
          <DevPos>
            <X>120</X>
            <Y>122</Y>
            <Z>0</Z>
          </DevPos>
        </Value>
      </Item>
      <Item>
        <Key>
          <Device>
            <Name>RAZER BASILISK V3</Name>
            <Product_ID>153</Product_ID>
            <Vendor_ID>5426</Vendor_ID>
            <Serial_Number>632428H21301637</Serial_Number>
            <Handle>3283488522</Handle>
            <Type>1</Type>
          </Device>
        </Key>
        <Value>
          <DevPos>
            <X>127</X>
            <Y>121</Y>
            <Z>0</Z>
          </DevPos>
        </Value>
      </Item>
    </DevPositions>
  </DeviceLayout>
  <EffectLayers>
    <EffectLayer>
      <GroupId />
      <Effect>spectrum</Effect>
      <Regions>
        <EffectRegion>
          <Cells>
            <Item>
              <Key>
                <Device>
                  <Name>RAZER DEATHADDER ELITE</Name>
                  <Product_ID>92</Product_ID>
                  <Vendor_ID>5426</Vendor_ID>
                  <Handle>1385223366</Handle>
                  <Type>1</Type>
                </Device>
              </Key>
              <Value>
                <ArrayOfDeviceCell>
                  <DeviceCell>
                    <Row>0</Row>
                    <Col>2</Col>
                  </DeviceCell>
                  <DeviceCell>
                    <Row>6</Row>
                    <Col>2</Col>
                  </DeviceCell>
                </ArrayOfDeviceCell>
              </Value>
            </Item>
          </Cells>
          <Start>auto</Start>
          <DurationMs>0</DurationMs>
          <Angle>90</Angle>
          <Colors>
            <RzColor>
              <Red>255</Red>
              <Green>24</Green>
              <Blue>255</Blue>
            </RzColor>
            <RzColor>
              <Red>255</Red>
              <Green>16</Green>
              <Blue>16</Blue>
            </RzColor>
            <RzColor>
              <Red>255</Red>
              <Green>128</Green>
            </RzColor>
            <RzColor>
              <Red>239</Red>
              <Green>255</Green>
            </RzColor>
            <RzColor>
              <Red>223</Red>
              <Green>255</Green>
            </RzColor>
            <RzColor>
              <Green>255</Green>
            </RzColor>
            <RzColor>
              <Green>255</Green>
              <Blue>255</Blue>
            </RzColor>
            <RzColor>
              <Red>24</Red>
              <Green>88</Green>
              <Blue>255</Blue>
            </RzColor>
            <RzColor>
              <Red>24</Red>
              <Green>88</Green>
              <Blue>255</Blue>
            </RzColor>
            <RzColor>
              <Red>255</Red>
              <Green>24</Green>
              <Blue>255</Blue>
            </RzColor>
          </Colors>
          <End>never</End>
          <Speed>5</Speed>
          <Stops>
            <unsignedInt>0</unsignedInt>
            <unsignedInt>18</unsignedInt>
            <unsignedInt>28</unsignedInt>
            <unsignedInt>35</unsignedInt>
            <unsignedInt>42</unsignedInt>
            <unsignedInt>49</unsignedInt>
            <unsignedInt>52</unsignedInt>
            <unsignedInt>64</unsignedInt>
            <unsignedInt>77</unsignedInt>
            <unsignedInt>100</unsignedInt>
          </Stops>
          <Cycle>4294967295</Cycle>
          <Pause>0</Pause>
          <Width>100</Width>
          <Duration>medium</Duration>
          <Split>false</Split>
          <ScreenRect />
          <Center />
        </EffectRegion>
      </Regions>
      <Visible>true</Visible>
      <Alpha>100</Alpha>
      <Name>Spectrum Cycling</Name>
    </EffectLayer>
    <EffectLayer>
      <GroupId />
      <Effect>audiometer</Effect>
      <Regions />
      <Visible>false</Visible>
      <Alpha>100</Alpha>
      <Name>Audio Meter</Name>
    </EffectLayer>
    <EffectLayer>
      <GroupId />
      <Effect>reactive</Effect>
      <Regions />
      <Visible>true</Visible>
      <Alpha>100</Alpha>
      <Name>Reactive</Name>
    </EffectLayer>
    <EffectLayer>
      <GroupId />
      <Effect>audiometer</Effect>
      <Regions>
        <EffectRegion>
          <Cells>
            <Item>
              <Key>
                <Device>
                  <Name>RAZER DEATHADDER ELITE</Name>
                  <Product_ID>92</Product_ID>
                  <Vendor_ID>5426</Vendor_ID>
                  <Handle>1385223366</Handle>
                  <Type>1</Type>
                </Device>
              </Key>
              <Value>
                <ArrayOfDeviceCell>
                  <DeviceCell>
                    <Row>6</Row>
                    <Col>2</Col>
                  </DeviceCell>
                </ArrayOfDeviceCell>
              </Value>
            </Item>
          </Cells>
          <Start>auto</Start>
          <DurationMs>0</DurationMs>
          <Angle>90</Angle>
          <Colors>
            <RzColor>
              <Red>255</Red>
            </RzColor>
            <RzColor>
              <Red>255</Red>
              <Green>243</Green>
            </RzColor>
            <RzColor>
              <Red>54</Red>
              <Green>255</Green>
              <Blue>72</Blue>
            </RzColor>
            <RzColor>
              <Red>98</Red>
              <Green>241</Green>
              <Blue>255</Blue>
            </RzColor>
            <RzColor>
              <Green>12</Green>
              <Blue>255</Blue>
            </RzColor>
            <RzColor>
              <Red>128</Red>
              <Blue>255</Blue>
            </RzColor>
            <RzColor>
              <Red>255</Red>
            </RzColor>
          </Colors>
          <End>never</End>
          <Speed>5</Speed>
          <Stops>
            <unsignedInt>0</unsignedInt>
            <unsignedInt>26</unsignedInt>
            <unsignedInt>42</unsignedInt>
            <unsignedInt>55</unsignedInt>
            <unsignedInt>68</unsignedInt>
            <unsignedInt>81</unsignedInt>
            <unsignedInt>100</unsignedInt>
          </Stops>
          <Cycle>4294967295</Cycle>
          <Pause>0</Pause>
          <Width>100</Width>
          <Split>false</Split>
          <ScreenRect />
          <Center />
          <BoostLevel>1</BoostLevel>
        </EffectRegion>
      </Regions>
      <Visible>false</Visible>
      <Alpha>100</Alpha>
      <Name>Audio Meter</Name>
    </EffectLayer>
    <EffectLayer>
      <GroupId />
      <Effect>audiometer</Effect>
      <Regions>
        <EffectRegion>
          <Cells>
            <Item>
              <Key>
                <Device>
                  <Name>CHROMA CONNECT</Name>
                  <Product_ID>770</Product_ID>
                  <Vendor_ID>5426</Vendor_ID>
                  <Serial_Number>UNKNOWN</Serial_Number>
                  <Handle>291</Handle>
                  <Type>7</Type>
                  <RegionId>2147483760</RegionId>
                </Device>
              </Key>
              <Value>
                <ArrayOfDeviceCell>
                  <DeviceCell>
                    <Row>0</Row>
                    <Col>0</Col>
                  </DeviceCell>
                  <DeviceCell>
                    <Row>0</Row>
                    <Col>1</Col>
                  </DeviceCell>
                  <DeviceCell>
                    <Row>0</Row>
                    <Col>2</Col>
                  </DeviceCell>
                  <DeviceCell>
                    <Row>0</Row>
                    <Col>3</Col>
                  </DeviceCell>
                </ArrayOfDeviceCell>
              </Value>
            </Item>
          </Cells>
          <Start>auto</Start>
          <DurationMs>0</DurationMs>
          <Angle>90</Angle>
          <Colors>
            <RzColor>
              <Green>255</Green>
            </RzColor>
            <RzColor>
              <Red>255</Red>
              <Green>255</Green>
            </RzColor>
            <RzColor>
              <Red>255</Red>
            </RzColor>
          </Colors>
          <End>never</End>
          <Speed>5</Speed>
          <Stops>
            <unsignedInt>0</unsignedInt>
            <unsignedInt>51</unsignedInt>
            <unsignedInt>100</unsignedInt>
          </Stops>
          <Cycle>4294967295</Cycle>
          <Pause>0</Pause>
          <Width>100</Width>
          <Split>false</Split>
          <ScreenRect />
          <Center />
          <BoostLevel>1</BoostLevel>
        </EffectRegion>
      </Regions>
      <Visible>false</Visible>
      <Alpha>100</Alpha>
      <Name>Audio Meter</Name>
    </EffectLayer>
  </EffectLayers>
  <Guid>b4ecec78-14b6-4c31-b453-f95c934c2b9b</Guid>
  <Name>Chroma Effect 1</Name>
  <Version>3</Version>
  <LedBoxList />
  <Speed>0</Speed>
  <Width>0</Width>
  <Request />
</LightingEffects>