<Manifest>
  <LastSyncDate>2025-03-23T19:15:16.8623735-04:00</LastSyncDate>
  <Settings>
    <SettingData>
      <Name>AudioVisualizer.xml</Name>
      <Path>AppSettings</Path>
      <ServerTime>2025-03-23T19:19:10-04:00</ServerTime>
    </SettingData>
    <SettingData>
      <Name>a04163a1-1bc0-4155-bdb6-55385f77472a.xml</Name>
      <Path>Devices\770\Features\10ab6434-7fb9-41fc-ac93-254a8c5175c4</Path>
      <ServerTime>2019-12-28T23:27:30-05:00</ServerTime>
    </SettingData>
    <SettingData>
      <Name>03bec892-2c22-4990-8000-a8cfb1a4c25b.xml</Name>
      <Path>Devices\770\Features\10ab6434-7fb9-41fc-ac93-254a8c5175c4</Path>
      <ServerTime>2019-12-28T22:53:08-05:00</ServerTime>
    </SettingData>
    <SettingData>
      <Name>10ab6434-7fb9-41fc-ac93-254a8c5175c4.xml</Name>
      <Path>Devices\770\Profiles</Path>
      <ServerTime>2019-12-28T22:53:07-05:00</ServerTime>
    </SettingData>
    <SettingData>
      <Name>ChromaSDKData_DESKTOP-GAMER.xml</Name>
      <Path>Data</Path>
      <ServerTime>2021-09-23T14:41:22-04:00</ServerTime>
    </SettingData>
    <SettingData>
      <Name>b4ecec78-14b6-4c31-b453-f95c934c2b9b.xml</Name>
      <Path>LightingPack</Path>
      <ServerTime>2025-03-23T19:19:11-04:00</ServerTime>
    </SettingData>
    <SettingData>
      <Name>ChromaSDKData_DESKTOP-TTCR0ED.xml</Name>
      <Path>Data</Path>
      <ServerTime>2020-03-02T18:43:48-05:00</ServerTime>
    </SettingData>
    <SettingData>
      <Name>GlobalAppSettings.xml</Name>
      <Path>AppSettings</Path>
      <ServerTime>2019-12-28T23:13:16-05:00</ServerTime>
    </SettingData>
    <SettingData>
      <Name>DeviceInfo.xml</Name>
      <Path>Devices\770</Path>
      <ServerTime>2019-12-28T22:53:05-05:00</ServerTime>
    </SettingData>
    <SettingData>
      <Name>a8664fc4-37d2-4bb7-978f-5ad11d7383ef.xml</Name>
      <Path>Devices\770\Features\10ab6434-7fb9-41fc-ac93-254a8c5175c4</Path>
      <ServerTime>2019-12-28T22:53:11-05:00</ServerTime>
    </SettingData>
    <SettingData>
      <Name>DeviceInfo.xml</Name>
      <Path>Devices\153</Path>
      <ServerTime>2025-03-23T19:17:10-04:00</ServerTime>
    </SettingData>
    <SettingData>
      <Name>SensorCalibration_Pixart.xml</Name>
      <Path>Devices\153\Calibrations</Path>
      <ServerTime>2025-03-23T19:17:11-04:00</ServerTime>
    </SettingData>
    <SettingData>
      <Name>PixartCalibrationData.xml</Name>
      <Path>Devices\153\Calibrations</Path>
      <ServerTime>2025-03-23T19:17:12-04:00</ServerTime>
    </SettingData>
    <SettingData>
      <Name>1171e887-73e5-4090-b520-0c4ae9dc37f9.xml</Name>
      <Path>Devices\770\Features\10ab6434-7fb9-41fc-ac93-254a8c5175c4</Path>
      <ServerTime>2025-03-23T19:17:12-04:00</ServerTime>
    </SettingData>
    <SettingData>
      <Name>a7d90e4d-cbbf-4854-a059-6187b5ef2898.xml</Name>
      <Path>Devices\153\Profiles</Path>
      <ServerTime>2025-03-23T19:17:13-04:00</ServerTime>
    </SettingData>
    <SettingData>
      <Name>03bec892-2c22-4990-8000-a8cfb1a4c25b.xml</Name>
      <Path>Devices\153\Features\a7d90e4d-cbbf-4854-a059-6187b5ef2898</Path>
      <ServerTime>2025-03-23T19:17:13-04:00</ServerTime>
    </SettingData>
    <SettingData>
      <Name>1ca05056-7948-4c88-bab3-237f54b13961.xml</Name>
      <Path>Devices\153\Features\a7d90e4d-cbbf-4854-a059-6187b5ef2898</Path>
      <ServerTime>2025-03-23T19:17:14-04:00</ServerTime>
    </SettingData>
    <SettingData>
      <Name>bc7fc799-b384-4bf0-ae25-7839eb32611e.xml</Name>
      <Path>Devices\153\Features\a7d90e4d-cbbf-4854-a059-6187b5ef2898</Path>
      <ServerTime>2025-03-23T19:17:14-04:00</ServerTime>
    </SettingData>
    <SettingData>
      <Name>25f22ab7-9be1-4b4c-8002-f619b7b7b949.xml</Name>
      <Path>Devices\153\Features\a7d90e4d-cbbf-4854-a059-6187b5ef2898</Path>
      <ServerTime>2025-03-23T19:17:15-04:00</ServerTime>
    </SettingData>
    <SettingData>
      <Name>762555eb-82f2-4fa6-9741-e009d579f188.xml</Name>
      <Path>Devices\153\Features\a7d90e4d-cbbf-4854-a059-6187b5ef2898</Path>
      <ServerTime>2025-03-23T19:17:16-04:00</ServerTime>
    </SettingData>
    <SettingData>
      <Name>6c91bf99-f6dd-4314-9982-97997d1bbced.xml</Name>
      <Path>Devices\153\Features\a7d90e4d-cbbf-4854-a059-6187b5ef2898</Path>
      <ServerTime>2025-03-23T19:17:18-04:00</ServerTime>
    </SettingData>
    <SettingData>
      <Name>27838d6a-ad1b-40d7-93c2-0daec88e10b7.xml</Name>
      <Path>Devices\153\Features\a7d90e4d-cbbf-4854-a059-6187b5ef2898</Path>
      <ServerTime>2025-03-23T19:19:10-04:00</ServerTime>
    </SettingData>
    <SettingData>
      <Name>a8664fc4-37d2-4bb7-978f-5ad11d7383ef.xml</Name>
      <Path>Devices\153\Features\a7d90e4d-cbbf-4854-a059-6187b5ef2898</Path>
      <ServerTime>2025-03-23T19:17:19-04:00</ServerTime>
    </SettingData>
  </Settings>
</Manifest>