<?xml version="1.0"?>
<AudioVisualizer xmlns:xsi="http://www.w3.org/2001/XMLSchema-instance" xmlns:xsd="http://www.w3.org/2001/XMLSchema">
  <Status>
    <Applications />
  </Status>
  <Device>
    <ActivePlaybackDevice>defaultdevice</ActivePlaybackDevice>
    <PlaybackDevices>
      <string>defaultdevice</string>
    </PlaybackDevices>
  </Device>
  <Preview />
  <Visualization>
    <ActiveEffect>spectrum</ActiveEffect>
    <Effects>
      <string>spectrum</string>
      <string>static</string>
      <string>wave</string>
      <string>wheel</string>
      <string>custom</string>
    </Effects>
    <ColorStops />
    <Color>
      <Green>255</Green>
    </Color>
  </Visualization>
  <Background>
    <ActiveBackground>off</ActiveBackground>
    <Backgrounds>
      <string>spectrum</string>
      <string>static</string>
      <string>wave</string>
      <string>wheel</string>
      <string>custom</string>
      <string>off</string>
    </Backgrounds>
    <Brightness>30</Brightness>
    <ColorStops />
    <Color>
      <Green>255</Green>
    </Color>
  </Background>
  <Properties>
    <Decay>5</Decay>
    <Scale>5</Scale>
  </Properties>
</AudioVisualizer>