<?xml version="1.0"?>
<Mappings xmlns:xsi="http://www.w3.org/2001/XMLSchema-instance" xmlns:xsd="http://www.w3.org/2001/XMLSchema">
  <MappingList>
    <Mapping>
      <MappingGroup>Mouse</MappingGroup>
      <InputType>MouseInput</InputType>
      <MouseInput>LeftClick</MouseInput>
      <MouseGroup>
        <MouseAssignment>Click</MouseAssignment>
      </MouseGroup>
    </Mapping>
    <Mapping>
      <MappingGroup>Mouse</MappingGroup>
      <InputType>MouseInput</InputType>
      <MouseInput>RightClick</MouseInput>
      <MouseGroup>
        <MouseAssignment>Menu</MouseAssignment>
      </MouseGroup>
    </Mapping>
    <Mapping>
      <MappingGroup>Mouse</MappingGroup>
      <InputType>MouseInput</InputType>
      <MouseInput>ScrollButton</MouseInput>
      <MouseGroup>
        <MouseAssignment>ScrollClick</MouseAssignment>
      </MouseGroup>
    </Mapping>
    <Mapping>
      <MappingGroup>ProfileNavigation</MappingGroup>
      <InputType>DKMInput</InputType>
      <DKMInput>DKM_SB_01</DKMInput>
      <ProfileNavigationGroup>
        <ProfileNavigationAssignment>CycleUp</ProfileNavigationAssignment>
      </ProfileNavigationGroup>
    </Mapping>
    <Mapping>
      <MappingGroup>Mouse</MappingGroup>
      <InputType>MouseInput</InputType>
      <MouseInput>ScrollUp</MouseInput>
      <MouseGroup>
        <MouseAssignment>ScrollUp</MouseAssignment>
      </MouseGroup>
    </Mapping>
    <Mapping>
      <MappingGroup>Mouse</MappingGroup>
      <InputType>MouseInput</InputType>
      <MouseInput>ScrollDown</MouseInput>
      <MouseGroup>
        <MouseAssignment>ScrollDown</MouseAssignment>
      </MouseGroup>
    </Mapping>
    <Mapping>
      <MappingGroup>Sensitivity</MappingGroup>
      <InputType>DKMInput</InputType>
      <DKMInput>DKM_SB_02</DKMInput>
      <SensitivityGroup>
        <SensitivityAssignment>DPI_Clutch</SensitivityAssignment>
        <X>400</X>
        <Y>400</Y>
      </SensitivityGroup>
    </Mapping>
    <Mapping>
      <MappingGroup>Sensitivity</MappingGroup>
      <InputType>DKMInput</InputType>
      <DKMInput>DKM_SB_03</DKMInput>
      <SensitivityGroup>
        <SensitivityAssignment>DPI_CycleUp</SensitivityAssignment>
      </SensitivityGroup>
    </Mapping>
    <Mapping>
      <MappingGroup>Mouse</MappingGroup>
      <InputType>MouseInput</InputType>
      <MouseInput>Button4</MouseInput>
      <MouseGroup>
        <MouseAssignment>Previous</MouseAssignment>
      </MouseGroup>
    </Mapping>
    <Mapping>
      <MappingGroup>Mouse</MappingGroup>
      <InputType>MouseInput</InputType>
      <MouseInput>Button5</MouseInput>
      <MouseGroup>
        <MouseAssignment>Next</MouseAssignment>
      </MouseGroup>
    </Mapping>
    <Mapping>
      <MappingGroup>Mouse</MappingGroup>
      <InputType>MouseInput</InputType>
      <MouseInput>Button6</MouseInput>
      <MouseGroup>
        <MouseAssignment>ScrollLeft</MouseAssignment>
        <TurboMode>
          <IsTurbo>true</IsTurbo>
          <KeysPerSecond>50</KeysPerSecond>
        </TurboMode>
      </MouseGroup>
    </Mapping>
    <Mapping>
      <MappingGroup>Mouse</MappingGroup>
      <InputType>MouseInput</InputType>
      <MouseInput>Button7</MouseInput>
      <MouseGroup>
        <MouseAssignment>ScrollRight</MouseAssignment>
        <TurboMode>
          <IsTurbo>true</IsTurbo>
          <KeysPerSecond>50</KeysPerSecond>
        </TurboMode>
      </MouseGroup>
    </Mapping>
    <Mapping>
      <MappingGroup>Mouse</MappingGroup>
      <InputType>DKMInput</InputType>
      <DKMInput>DKM_54</DKMInput>
      <MouseGroup>
        <MouseAssignment>ScrollModeSwitch</MouseAssignment>
      </MouseGroup>
    </Mapping>
    <Mapping>
      <IsHyperShift>true</IsHyperShift>
      <MappingGroup>Mouse</MappingGroup>
      <InputType>MouseInput</InputType>
      <MouseInput>LeftClick</MouseInput>
      <MouseGroup>
        <MouseAssignment>Click</MouseAssignment>
      </MouseGroup>
    </Mapping>
    <Mapping>
      <IsHyperShift>true</IsHyperShift>
      <MappingGroup>Mouse</MappingGroup>
      <InputType>MouseInput</InputType>
      <MouseInput>RightClick</MouseInput>
      <MouseGroup>
        <MouseAssignment>Menu</MouseAssignment>
      </MouseGroup>
    </Mapping>
    <Mapping>
      <IsHyperShift>true</IsHyperShift>
      <MappingGroup>Mouse</MappingGroup>
      <InputType>MouseInput</InputType>
      <MouseInput>ScrollButton</MouseInput>
      <MouseGroup>
        <MouseAssignment>ScrollClick</MouseAssignment>
      </MouseGroup>
    </Mapping>
    <Mapping>
      <IsHyperShift>true</IsHyperShift>
      <MappingGroup>ProfileNavigation</MappingGroup>
      <InputType>DKMInput</InputType>
      <DKMInput>DKM_SB_01</DKMInput>
      <ProfileNavigationGroup>
        <ProfileNavigationAssignment>CycleUp</ProfileNavigationAssignment>
      </ProfileNavigationGroup>
    </Mapping>
    <Mapping>
      <IsHyperShift>true</IsHyperShift>
      <MappingGroup>Mouse</MappingGroup>
      <InputType>MouseInput</InputType>
      <MouseInput>ScrollUp</MouseInput>
      <MouseGroup>
        <MouseAssignment>ScrollUp</MouseAssignment>
      </MouseGroup>
    </Mapping>
    <Mapping>
      <IsHyperShift>true</IsHyperShift>
      <MappingGroup>Mouse</MappingGroup>
      <InputType>MouseInput</InputType>
      <MouseInput>ScrollDown</MouseInput>
      <MouseGroup>
        <MouseAssignment>ScrollDown</MouseAssignment>
      </MouseGroup>
    </Mapping>
    <Mapping>
      <IsHyperShift>true</IsHyperShift>
      <MappingGroup>Sensitivity</MappingGroup>
      <InputType>DKMInput</InputType>
      <DKMInput>DKM_SB_02</DKMInput>
      <SensitivityGroup>
        <SensitivityAssignment>DPI_Clutch</SensitivityAssignment>
        <X>400</X>
        <Y>400</Y>
      </SensitivityGroup>
    </Mapping>
    <Mapping>
      <IsHyperShift>true</IsHyperShift>
      <MappingGroup>Mouse</MappingGroup>
      <InputType>MouseInput</InputType>
      <MouseInput>Button4</MouseInput>
      <MouseGroup>
        <MouseAssignment>Previous</MouseAssignment>
      </MouseGroup>
    </Mapping>
    <Mapping>
      <IsHyperShift>true</IsHyperShift>
      <MappingGroup>Mouse</MappingGroup>
      <InputType>MouseInput</InputType>
      <MouseInput>Button5</MouseInput>
      <MouseGroup>
        <MouseAssignment>Next</MouseAssignment>
      </MouseGroup>
    </Mapping>
    <Mapping>
      <IsHyperShift>true</IsHyperShift>
      <MappingGroup>Mouse</MappingGroup>
      <InputType>MouseInput</InputType>
      <MouseInput>Button6</MouseInput>
      <MouseGroup>
        <MouseAssignment>ScrollLeft</MouseAssignment>
        <TurboMode>
          <IsTurbo>true</IsTurbo>
          <KeysPerSecond>50</KeysPerSecond>
        </TurboMode>
      </MouseGroup>
    </Mapping>
    <Mapping>
      <IsHyperShift>true</IsHyperShift>
      <MappingGroup>Mouse</MappingGroup>
      <InputType>MouseInput</InputType>
      <MouseInput>Button7</MouseInput>
      <MouseGroup>
        <MouseAssignment>ScrollRight</MouseAssignment>
        <TurboMode>
          <IsTurbo>true</IsTurbo>
          <KeysPerSecond>50</KeysPerSecond>
        </TurboMode>
      </MouseGroup>
    </Mapping>
    <Mapping>
      <IsHyperShift>true</IsHyperShift>
      <MappingGroup>Mouse</MappingGroup>
      <InputType>DKMInput</InputType>
      <DKMInput>DKM_54</DKMInput>
      <MouseGroup>
        <MouseAssignment>ScrollModeSwitch</MouseAssignment>
      </MouseGroup>
    </Mapping>
    <Mapping>
      <IsHyperShift>true</IsHyperShift>
      <MappingGroup>Sensitivity</MappingGroup>
      <InputType>DKMInput</InputType>
      <DKMInput>DKM_SB_03</DKMInput>
      <SensitivityGroup>
        <SensitivityAssignment>DPI_CycleUp</SensitivityAssignment>
      </SensitivityGroup>
    </Mapping>
  </MappingList>
</Mappings>