<?xml version="1.0"?>
<SensorCalibration xmlns:xsi="http://www.w3.org/2001/XMLSchema-instance" xmlns:xsd="http://www.w3.org/2001/XMLSchema">
  <RazerSurfaces>
    <SurfaceID>Invicta_Speed</SurfaceID>
    <SurfaceID>Invicta_Control</SurfaceID>
    <SurfaceID>Goliathus_Chroma</SurfaceID>
    <SurfaceID>Goliathus_Speed</SurfaceID>
    <SurfaceID>Goliathus_Control</SurfaceID>
    <SurfaceID>Goliathus_Mobile</SurfaceID>
    <SurfaceID>Destructor2</SurfaceID>
    <SurfaceID>Megasoma2</SurfaceID>
    <SurfaceID>Manticor</SurfaceID>
    <SurfaceID>Kabuto</SurfaceID>
    <SurfaceID>Vespula_Speed</SurfaceID>
    <SurfaceID>Vespula_Control</SurfaceID>
    <SurfaceID>Sphex</SurfaceID>
    <SurfaceID>Firefly_Hard_Edition</SurfaceID>
    <SurfaceID>Firefly_Cloth_Edition</SurfaceID>
    <SurfaceID>Gigantus</SurfaceID>
    <SurfaceID>Firefly_HyperFlux_Hard</SurfaceID>
    <SurfaceID>Firefly_HyperFlux_Cloth</SurfaceID>
    <SurfaceID>VespulaV2_Hard</SurfaceID>
    <SurfaceID>VespulaV2_Cloth</SurfaceID>
    <SurfaceID>SphexV2</SurfaceID>
    <SurfaceID>FireflyV2</SurfaceID>
    <SurfaceID>GigantusV2</SurfaceID>
    <SurfaceID>Acari</SurfaceID>
    <SurfaceID>SphexV3</SurfaceID>
    <SurfaceID>Strider</SurfaceID>
  </RazerSurfaces>
  <Surfaces />
  <Mode>SmartTracking</Mode>
  <SmartTracking>
    <TrackingDistance>2</TrackingDistance>
    <LiftOffDistance>2</LiftOffDistance>
    <LandingDistance>1</LandingDistance>
  </SmartTracking>
  <SurfaceTracking>
    <SurfaceDistance>5</SurfaceDistance>
    <LiftOffDistance>5</LiftOffDistance>
    <LandingDistance>3</LandingDistance>
  </SurfaceTracking>
  <LiftOff>3</LiftOff>
  <SensorInfo />
</SensorCalibration>