<?xml version="1.0"?>
<DPIStages xmlns:xsi="http://www.w3.org/2001/XMLSchema-instance" xmlns:xsd="http://www.w3.org/2001/XMLSchema">
  <Stages>
    <DPIStage>
      <X>400</X>
      <Y>400</Y>
    </DPIStage>
    <DPIStage>
      <X>800</X>
      <Y>800</Y>
    </DPIStage>
    <DPIStage>
      <X>1600</X>
      <Y>1600</Y>
    </DPIStage>
    <DPIStage>
      <X>3200</X>
      <Y>3200</Y>
    </DPIStage>
    <DPIStage>
      <X>6400</X>
      <Y>6400</Y>
    </DPIStage>
  </Stages>
  <Active>3</Active>
  <Request />
</DPIStages>