<?xml version="1.0"?>
<AudioVisualizer xmlns:xsi="http://www.w3.org/2001/XMLSchema-instance" xmlns:xsd="http://www.w3.org/2001/XMLSchema">
  <Status>
    <State>1</State>
    <Applications />
  </Status>
  <Device>
    <ActivePlaybackDevice>Voicemeeter Out B2 (VB-Audio Voicemeeter VAIO)</ActivePlaybackDevice>
    <PlaybackDevices>
      <string>defaultdevice</string>
      <string>Voicemeeter VAIO3 Input (VB-Audio Voicemeeter VAIO)</string>
      <string>Voicemeeter In 2 (VB-Audio Voicemeeter VAIO)</string>
      <string>Speakers (NVIDIA Broadcast)</string>
      <string>Voicemeeter AUX Input (VB-Audio Voicemeeter VAIO)</string>
      <string>Voicemeeter In 4 (VB-Audio Voicemeeter VAIO)</string>
      <string>Voicemeeter In 1 (VB-Audio Voicemeeter VAIO)</string>
      <string>CABLE Input (VB-Audio Virtual Cable)</string>
      <string>CABLE In 16ch (VB-Audio Virtual Cable)</string>
      <string>CABLE-A Input (VB-Audio Cable A)</string>
      <string>Speakers (Virtual Desktop Audio)</string>
      <string>Speakers (Steam Streaming Speakers)</string>
      <string>ASUS VS239 (NVIDIA High Definition Audio)</string>
      <string>Voicemeeter In 3 (VB-Audio Voicemeeter VAIO)</string>
      <string>CABLE-B Input (VB-Audio Cable B)</string>
      <string>Speakers (Yeti X)</string>
      <string>Line (Voicemod Virtual Audio Device (WDM))</string>
      <string>Voicemeeter Input (VB-Audio Voicemeeter VAIO)</string>
      <string>Speakers (RIG-800PRO HX)</string>
      <string>Speakers (Steam Streaming Microphone)</string>
      <string>Voicemeeter In 5 (VB-Audio Voicemeeter VAIO)</string>
      <string>LCD TV (NVIDIA High Definition Audio)</string>
      <string>Microphone (Yeti X)</string>
      <string>Microphone (Steam Streaming Microphone)</string>
      <string>Microphone (Logi 4K Stream Edition)</string>
      <string>Voicemeeter Out A5 (VB-Audio Voicemeeter VAIO)</string>
      <string>Microphone (RIG-800PRO HX)</string>
      <string>Microphone (SplitCam Audio Mixer)</string>
      <string>Voicemeeter Out B2 (VB-Audio Voicemeeter VAIO)</string>
      <string>Microphone (NVIDIA Broadcast)</string>
      <string>CABLE Output (VB-Audio Virtual Cable)</string>
      <string>Microphone (Voicemod Virtual Audio Device (WDM))</string>
      <string>Voicemeeter Out A2 (VB-Audio Voicemeeter VAIO)</string>
      <string>CABLE-B Output (VB-Audio Cable B)</string>
      <string>Voicemeeter Out A1 (VB-Audio Voicemeeter VAIO)</string>
      <string>Microphone (Virtual Desktop Audio)</string>
      <string>Voicemeeter Out B3 (VB-Audio Voicemeeter VAIO)</string>
      <string>Voicemeeter Out A3 (VB-Audio Voicemeeter VAIO)</string>
      <string>Voicemeeter Out A4 (VB-Audio Voicemeeter VAIO)</string>
      <string>CABLE-A Output (VB-Audio Cable A)</string>
      <string>Voicemeeter Out B1 (VB-Audio Voicemeeter VAIO)</string>
    </PlaybackDevices>
  </Device>
  <Preview>
    <State>1</State>
  </Preview>
  <Visualization>
    <ActiveEffect>wheel</ActiveEffect>
    <Effects>
      <string>spectrum</string>
      <string>static</string>
      <string>wave</string>
      <string>wheel</string>
      <string>custom</string>
    </Effects>
    <ColorStops>
      <ColorStop>
        <Color>
          <Red>255</Red>
          <Green>1</Green>
          <Blue>240</Blue>
        </Color>
      </ColorStop>
      <ColorStop>
        <Marker>26</Marker>
        <Color>
          <Red>255</Red>
          <Green>243</Green>
        </Color>
      </ColorStop>
      <ColorStop>
        <Marker>42</Marker>
        <Color>
          <Red>54</Red>
          <Green>255</Green>
          <Blue>72</Blue>
        </Color>
      </ColorStop>
      <ColorStop>
        <Marker>55</Marker>
        <Color>
          <Red>98</Red>
          <Green>241</Green>
          <Blue>255</Blue>
        </Color>
      </ColorStop>
      <ColorStop>
        <Marker>68</Marker>
        <Color>
          <Green>12</Green>
          <Blue>255</Blue>
        </Color>
      </ColorStop>
      <ColorStop>
        <Marker>81</Marker>
        <Color>
          <Red>128</Red>
          <Blue>255</Blue>
        </Color>
      </ColorStop>
      <ColorStop>
        <Marker>100</Marker>
        <Color>
          <Red>255</Red>
        </Color>
      </ColorStop>
    </ColorStops>
    <Color>
      <Green>255</Green>
    </Color>
  </Visualization>
  <Background>
    <ActiveBackground>off</ActiveBackground>
    <Backgrounds>
      <string>spectrum</string>
      <string>static</string>
      <string>wave</string>
      <string>wheel</string>
      <string>custom</string>
      <string>off</string>
    </Backgrounds>
    <Brightness>10</Brightness>
    <ColorStops>
      <ColorStop>
        <Color>
          <Red>255</Red>
        </Color>
      </ColorStop>
      <ColorStop>
        <Marker>26</Marker>
        <Color>
          <Red>255</Red>
          <Green>243</Green>
        </Color>
      </ColorStop>
      <ColorStop>
        <Marker>42</Marker>
        <Color>
          <Red>54</Red>
          <Green>255</Green>
          <Blue>72</Blue>
        </Color>
      </ColorStop>
      <ColorStop>
        <Marker>55</Marker>
        <Color>
          <Red>98</Red>
          <Green>241</Green>
          <Blue>255</Blue>
        </Color>
      </ColorStop>
      <ColorStop>
        <Marker>68</Marker>
        <Color>
          <Green>12</Green>
          <Blue>255</Blue>
        </Color>
      </ColorStop>
      <ColorStop>
        <Marker>81</Marker>
        <Color>
          <Red>128</Red>
          <Blue>255</Blue>
        </Color>
      </ColorStop>
      <ColorStop>
        <Marker>100</Marker>
        <Color>
          <Red>255</Red>
        </Color>
      </ColorStop>
    </ColorStops>
    <Color>
      <Green>255</Green>
    </Color>
  </Background>
  <Properties>
    <Decay>5</Decay>
    <Scale>6</Scale>
  </Properties>
</AudioVisualizer>